{"initial_reset_timestamp": 1576657766.2375388, "timestamps": [1576657781.9244823], "episode_lengths": [200], "episode_rewards": [200.0], "episode_types": ["t", "t"]}